Université,Nom francisé,Pays,Date de fondation,Date de confirmation,Date de fermeture,Réouverture,Fermeture,Réouverture,Fermeture,Confession,Origine,Créateur,Fac Théologie,Fac Médecine,Fac Droit Canon,Fac droit Civil,Fac Art/philo,
Aberdeen,Aberdeen,Ecosse,1494,Bulle papale : 1494,,,,,,Catholique ; Prebysterien : 1560,Création ecclésiastique,"William Elphinstone, Evèque d'Aberdeen : 1494 ; James IV, roi d'Écosse : 1494 ; George Keith, Comte-Maréchal d'Écosse : 1593",Ouv,Ouv,Ouv,Ouv,Ouv,
Abo,"Turku, Finlande",Royaume de Suède,1640,,,,,,,Luthérien,Création princière ,Pierre de Brahé,Ouv,Ouv,Ouv,Ouv,Ouv,
Aix-en-Provence,,Provence : 1409 ; Royaume de France : 1486 ,1409,Bulle papale : 1409,1793,,,,,Catholique,Création princière ,Louis II d'Anjou,Ouv,Ouv : 1562,Ouv,Ouv,Ouv,
Alcalà de Henares,,Royaume des deux Espagnes : 1499 ; Royaume d'Espagne : 1716,1499,Bulle papale : 1499 ; Début : 1508 ; Bulle papale : 1510 ; Lettres royales : 1512,,,,,,Catholique,Création ecclésiastique,Cardinal Jimenez de  Cisneros,Ouv,Ouv : 1514,Ouv,Ouv : 1772,Ouv,
Almagro,,Royaume des deux Espagnes : 1550 ; Royaume d'Espagne : 1716,1550,Bulle papale : 1552,1807,,,,,Catholique,Création ecclésiastique,Couvent dominicain,Ouv,Abs,Abs,Abs,Ouv,
Altamura,,Royaume de Naples et de Sicile,1748,,1799,,,,,Catholique,Création princière,Charles VII roi de Naples,Ouv,Ouv,Ouv,Ouv,Ouv,
Altdorf bei Nuremberg,Aldorf sur Nuremberg,Ville libre de l'Empire,1578,Charte impériale : 1577 ; Lettres impériales : 1622,1809,,,,,Luthérien,Création communale,Conseil municipal de Nuremberg ; 1577 : Rudolph II ; 1622 : Ferdinand II ,Ouv 1696,Ouv 1622,Ouv 1622,Ouv 1622,Ouv,
Ancona,Ancône,États pontificaux,1562,Bulle papale : 1562 ; Confirmation : 1576,1739,1746,1798,,,Catholique,Création ecclésiastique,Pie IV,Ouv :  ; Abs : 1746,Ouv : ; Abs : 1746,Ouv : ; Ouv : 1746,Ouv : ; Ouv : 1746,Ouv :  ; Abs : 1746,
Angers,,Royaume de France,1229,Lettres royales : 1364 ; Bulle papale : 1432,1793,,,,,Catholique,Création spontanée ; création princière : 1364,Charles V de Royaume de France : 1364,Ouv : 1432,Ouv : 1432,Ouv,Ouv,Ouv : 1432,
Arezzo,,Commune d'Arezzo : 1215 ; République de Florence : 1384,1215,Lettres impériales : 1355,1468,,,,,Catholique,Création communale : 1215 ; Transfert de Bologne : 1338,Arezzo,Ouv : 1355,Ouv : 1355,Ouv,Ouv,Ouv : 1355,
Avignon,,Duché d'Anjou : 1303 ; États Pontificaux : 1348 ; Royaume de France : 1791,1303,Bulle papale : 1303,1793,,,,,Catholique,Création ecclésiastique, Boniface VIII,Ouv : 1413,Ouv : 1577,Ouv,Ouv,Ouv,
Avila,,Royaume des deux Espagnes : 1576 ; Royaume d'Espagne : 1716,1576,Bulle papale : 1576,1787,,,,,Catholique,Création ecclésiastique,Grégoire XIII,Ouv : ; Fer : 1787,Ouv : ; Fer : 1771,Ouv : ; Fer : 1771,Ouv : ; Fer : 1771,Ouv : ; Fer : 1787,
Baeza,,Royaume des deux Espagnes : 1538 ; Royaume d'Espagne : 1716,1538,Bulle papale : 1542 ; Lettres royales : 1583,1807,,,,,Catholique,Création ecclésiastique,"Rodrigo Lopez, prélat proche de Paul III",Ouv,Ouv,Ouv,Abs,Ouv,
Bamberg,,Evéché de Bamberg,1647,Bulle papale : 1648 ; Lettres impériales : 1648,1803 : Transfert à Würzburg,,,,,Catholique,Création ecclésiastique,Prince Archévèque de Salzbourg,Ouv,Ouv : 1764,Ouv : 1729,Ouv : 1729,Ouv,
Barcelona,Barcelone,Royaume d'Aragon : 1401 ; Royaume des deux Espagnes : 1474 ; Royaume d'Espagne : 1716,1401,Bulle papale : 1408 ; Lettres royales 1450,1714,,1717,,,Catholique,Création princière,Martin Ier d'Aragon : 1401 ; Alphonse V roi d'Aragon : 1450,Ouv : 1450 ; Fer : 1717,Ouv ; Fer : 1717,Ouv : 1450 ; Fer : 1714,Ouv : 1450 ; Fer : 1714,Ouv ; Fer : 1714,
Basel,Bâle,Commune de Bâle : 1432 ; République Hélvétique : 1798,1432,Bulle papale : 1459,,,,,,Catholique ; Luthérien : 1532 ; Calviniste,Création ecclésiastique,Pie II,Ouv,Ouv,Ouv,Ouv,Ouv,
Besançon,,Royaume de France,1691,,1793,,,,,Catholique,Création princière ; Transfert de Dôle : 1691,Louis XIV,Ouv,Ouv,Ouv : ; Fer : 1722,Ouv : ; Fer : 1722,Ouv,
Bologna,Bologne,Commune de Bologne,1200,Bulle papale : 1291,,,,,,Catholique,Création spontanée,,Ouv : 1360,Ouv,Ouv,Ouv,Ouv,
Bonn,,Archevéché de Cologne,1777,Lettres impériales : 1784,1798,,,,,Catholique,Création princière ,Electeur Max Augustus,Ouv,Ouv,Ouv,Ouv,Ouv,
Bordeaux,,Royaume d'Angleterre : 1441 ; Royaume de France : 1453,1441,Bulle papale : 1441 ; lettres royales : 1474,1793,,,,,Catholique,Création ecclésiastique,Eugène IV,Ouv,Ouv,Ouv,Ouv,Ouv,
Bourges,,Royaume de France,1463,Bulle papale : 1464,1793,,,,,Catholique,Création princière ,Charles de Royaume de France,Ouv : 1470,Ouv : 1470,Ouv : 1470,Ouv : 1470,Ouv : 1470,
Braunsberg,,Royaume de Pologne : 1568 ; Prusse : 1772,1568,Bulle papale : 1646,1781,,,,,Catholique,Création ecclésiastique,Concile de Trente,Ouv : 1646,Abs,Abs,Abs,Ouv,
Budapest,,Hongris : 1389 ; Empire Ottoman : 1531 ; Hongris : 1686,1389,Lettres royales : 1389 ; Bulle papale : 1389,1450,,,,,Catholique,Création princière,Sigismond de Luxembourg,Ouv : 1410,Ouv,Ouv,Ouv,Ouv,
Burgo de Osma,,Royaume des deux Espagnes : 1555 ; Royaume d'Espagne : 1716,1555,Bulle papale : 1555 ; Lettres royales : 1562,1770,1778,1807,,,Catholique,Création ecclésiastique,Évêque Alvarez de Acosta,Ouv,Ouv,Ouv,Ouv,Ouv,
Caen,,Royaume d'Angleterre : 1432 ; Royaume de France : 1450,1432,Lettres royales : 1432 ; Bulle papale : 1437,1793,,,,,Catholique,Création princière,"Jean de Lancastre, duc de Bedfort",Ouv : 1437,Ouv : 1438,Ouv,Ouv,Ouv : 1437,
Cagliari,,Sardaigne ; Royaume d'Espagne : 1606 ; Royaume de Savoie : 1718,1606,"Bulle papale : 1603, Lettres royales : 1620 ; reorg : 1755 ; Bulle papale : 1763",1679,1755,,,,Catholique,Création ecclésiastique,Paul V : 1606 ; Charles Emmanuel III de Sardaigne : 1755,Ouv,Ouv,Ouv,Ouv,Ouv,
Cahors,,Royaume de France : 1332 ; Royaume d'Angleterre : 1360 ; Royaume de France : 1367,1332,Bulle papale : 1332,1751 : Transfert à Toulouse,,,,,Catholique,Création ecclésiastique,"Jean XXII, originaire de Cahors",Abs,Ouv,Ouv,Ouv,Ouv,Existence végétative jusqu'à la période moderne.
Cambridge,,Royaume d'Angleterre,1208,Bulle papale : 1318 ; Lettres royales : 1570,,,,,,Catholique ; Anglican : 1553,Création spontanée ; séparation Oxford,,Ouv : 1225,Ouv : 1225,Ouv : 1225,Ouv : 1225,Ouv : 1225,
Camerino,,États pontificaux,1727,Bulle papale : 1727 ; Lettres impériales : 1753,1808,,,,,Catholique,Création ecclésiastique,Benoit XIII,Ouv,Ouv,Ouv,Ouv,Ouv,
Catania,Catane,Royaume de Sicile,1434,Lettres royales : 1434 ; Bulle papale : 1444,,,,,,Catholique,Création princière ,Alphonse V d'Aragon sur demande de la Commune,Ouv: 1445,Ouv: 1445,Ouv: 1445,Ouv: 1445,Ouv: 1445,
Cervera,,Royaume d'Espagne,1714,Lettres royales : 1717 ; Bulle papale : 1730,,,,,,Catholique,Création princière,Philippe V ; Réunion de toutes les universités catalanes,Ouv,Ouv,Ouv,Ouv,Ouv,
Coïmbra,,Royaume du Portugal,1308,,1338 : Transfert à Lisbonne,1354,1377 : Transfert à Lisbonne,1537,,Catholique,Création princière,Denis du Royaume du Portugal : 1308 ; Alphonse IV : 1354 ; Jean III : 1537,Ouv : 1400,Ouv,Ouv,Ouv,Ouv,
Copenhaguen,Copenhague,Danemark,1475,Bulle papale : 1475 ; Lettres royales : 1479 ; reorg : 1537,,,,,,Catholique ; Luthérien : 1537,Création princière,Christian I,Ouv,Abs : ; Ouv : 1788,Ouv,Ouv,Ouv,
Corte,,Corse : 1765 ; Royaume de France : 1768,1765,,1768,,,,,Catholique,Création princière,"Pasquale Paoli, guerre d'indépendance",Ouv,Ouv,Ouv,Ouv,Ouv,
Cracow,Cracovie,Royaume de Pologne,1364,Lettres royales : 1364 ; Bulle papale : 1364,,,,,,Catholique,Création princière ,Casimir III de Royaume de Pologne,Ouv : 1397,Ouv,Ouv,Abs,Ouv,
Die,,Royaume de France,1601,,1684,,,,,Calviniste,Création ecclésiastique,Assemblée synodale protestante,Ouv,Abs,Abs,Abs,Ouv,
Dijon,,Royaume de France,1722,Lettres royales : 1722 ; Bulle papale : 1723,1792,,,,,Catholique,Création princière,Louis XV,Abs,Abs,Ouv,Ouv,Abs,
Dilligen,,Bavière,1551,Bulle papale : 1553 ; Lettres impériales : 1553,1803,,,,,Catholique,Création ecclésiastique,Jules III,Ouv,Ouv : XVIII,Ouv : 1625,Ouv : 1625,Ouv,
Dôle,,Duché de Bourgogne : 1422 ; Royaume des deux Espagnes : 1493 ; Royaume de France : 1678,1422,Bulle papale : 1422 ; Lettres royales : 1423,1691 : Transfert vers Besançon,,,,,Catholique,Création princière ,"Philippe le Bon, Duc de Bourgogne",Ouv : 1437,Ouv,Ouv,Ouv,Ouv,
Dorpat,Tartu,Royaume de Suède : 1632 ; Empire Russe : 1721,1632,Lettres royales : 1634,1656,1690,1699 : Transfert à Pernau,,,Luthérien,Création princière,"Gustave Adolphe, Roi de Royaume de Suède",Ouv,Ouv,Ouv,Ouv,Ouv,
Douai,,Pays Bas Espagnol : 1559 ; Royaume de France : 1667,1559,Bulle papale : 1559 ; Lettres royales : 1562,1793,,,,,Catholique,Création princière,Philippe II,Ouv,Ouv,Ouv,Ouv,Ouv,
Dublin,,Irlande : Royaume d'Angleterre,1592,Lettres royales : 1592,,,,,,Anglican,Création princière ,Elizabeth I,Ouv,Ouv,Ouv,Ouv,Ouv,
Duisburg,,Brandebourg,1559,Bulle papale : 1561 ; reorg : 1654,1804,,,,,Catholique ; Calviniste : 1655,Création ecclésiastique : 1559 ; création princière : 1654,"Pie IV : 1559 ; Frederick William, electeur de Brandebourg : 1654",Ouv,Ouv,Ouv,Ouv,Ouv,
Edinburgh,,Ecosse,1583,Lettres royales : 1582 ,,,,,,Prebystérien,Création princière,James VI d'Écosse,Ouv,Ouv,Ouv : 1590 ; Fer : 1600,Ouv : 1590 ; Fer : 1600,Ouv,
Eperjes,Presov,Hongrie,1665,,,,,,,Luthérien,Création princière,États protestants de Haute Hongrie,Ouv : 1667,Abs,Ouv : 1667,Ouv : 1667,Ouv : 1667,
Erfurt,,Duché de Saxe : 1379 ; Mayence : 1664,1379,Bulle papale : 1379 ; Bulle papale : 1389,1804,,,,,Catholique ; Luthérien : 1631 ; Catholique : 1648,Création ecclésiastique,Clément VII,Ouv,Ouv,Ouv,Ouv,Ouv,
Erlangen,,Brandebourg : 1742 ; Bavière : 1791,1742,Lettres impériales : 1743,,,,,,Luthérien,Création princière,"Fredérique, Magrave de Brandebourg",Ouv,Ouv,Ouv,Ouv,Ouv,
Escorial,,Royaume de Castille et d'Aragon : 1587 ; Royaume d'Espagne : 1716,1587,Bulle papale : 1587,,,,,,Catholique,Création ecclésiastique,Séminaire des moines de Saint-Jérémy,Ouv,Abs,Abs,Abs,Ouv,
Evora,,Royaume du Portugal,1558,Bulle papale : 1558,1759 : Expulsion des jésuites,,,,,Catholique,Création ecclésiastique,"Prince-Cardinal Henri, archevèque d'Évora ",Ouv,Abs,Ouv,Abs,Ouv,
Fermo,,Italie,1303,Bulle papale : 1303 ; Bulle papale : 1585,,,,,,Catholique,Création ecclésiastique,Boniface VIII,Ouv,Ouv,Ouv,Ouv,Ouv,
Ferrara,,Etats de la famille d'Este : 1391 ; Etats pontificaux : 1598,1391,Bulle papale : 1391 ,1394,1402,1514,1559,,Catholique,Création princière,Marquis Alberto d'Este : 1391 ; Niccolo III d'Este : 1402 ; Alfonso II : 1559,Ouv,Abs,Ouv,Ouv,Ouv,Existence végétative jusqu'à la période moderne.
Firenze,,République Florentine,1321,Bulle papale : 1349 ; Lettres impériales : 1364,1472 : Transfert à Pise,,,,,Catholique,Création communale,République de Florence,Ouv,Ouv,Ouv,Ouv,Ouv,
Franeker,,Provinces Unis des Pays-Bas,1585,,1811,,,,,Calviniste,Création étatique,États de Frise,Ouv,Ouv,Ouv,Ouv,Ouv,
Frankfurt-on-Oder,Francfort-sur-l'Oder,Brandebourg,1498,Bulle papale : 1498 ; Lettres impériales : 1500,,,,,,Catholique : 1498 ; Luthérien : 1539 ; Calviniste : 1613,Création princière ,"Joachim I, electeur de Brandebourg",Ouv : 1506,Ouv : 1520,Ouv : 1506,Ouv : 1506,Ouv : 1506,
Freiburg-im-Breisgau,Fribourg-en-Brisgau,Autriche,1455,Bulle papale : 1457 ; Lettres impériales : 1457,1677 : Transfert à Constance,1698,,,,Catholique,Création princière,Albert VI archiduc d'Autriche,Ouv,Ouv,Ouv,Ouv,Ouv,
Fulda,,Evéché de Fulda,1735,Bulle papale : 1732 ; Lettres impériales : 1732,1805,,,,,Catholique,Création ecclésiastique,"Abbé Adolph Von Dalberg, jésuite ; Couvent Bénédictin : 1773",Ouv,Ouv,Ouv,Ouv,Ouv,
Gandia,,Royaume de Castille et d'Aragon : 1547 ; Royaume d'Espagne : 1716,1547,Bulle papale : 1547 ; Lettres royales : 1550 ,1772,,,,,Catholique,Création ecclésiastique ,Paul III,Ouv,Abs,Abs,Abs,Ouv,
Geneva,Genève,République de Genève,1559,,,,,,,Calviniste,Création communale,République de Genève,Ouv,Ouv : 1564,Ouv : 1564,Ouv : 1564,Ouv,
Genova,Gênes,République de Gêne,1471,Bulle papale : 1471 ; Lettres impériales : 1513,,,,,,Catholique,Création communale,République de Gênes,Ouv,Ouv,Ouv,Ouv,Ouv : 1513,Pas de rééelle activité avant 1773
Gerona,Gérone,Royaume d'Aragon : 1401 ; Royaume de Castille et d'Aragon : 1474 ; Royaume d'Espagne : 1716,1446,Lettres royales : 1446 ; Bulle papale : 1587,1717 : Transfert à Cervera,,,,,Catholique,Création princière,Alphonse V d'Aragon sur demande de la Commune,Ouv,Ouv,Ouv,Ouv,Ouv,
Giessen,,Landgravia de Hesse-Darmstadt,1607,Lettres impériales : 1607,1624 : Transfert à Marbourg,1650,,,,Luthérien,Création princière,Louis V de Hesse,Ouv,Ouv,Ouv,Ouv,Ouv,
Glasgow,,Ecosse,1450,Bulle papale : 1451,,,,,,Catholique ; Prebysterien : 1560,Création ecclésiastique ,"William Turnbull, évèque de Glasgow",Ouv,Ouv,Ouv,Ouv,Ouv,
Göttingen,Gottingue,Electorat de Brunswick-Lunebourg,1733,Lettres impériales : 1733 ; Lettres royales : 1736,,,,,,Luthérien,Création princière,"George II, électeur de Brunswick-Lunebourg",Ouv,Ouv,Ouv,Ouv,Ouv,
Granada,Grenade,Royaume de Castille et d'Aragon : 1531 ; Royaume d'Espagne : 1716,1531,Lettres royales : 1526 ; Bulle papale : 1531,,,,,,Catholique,Création princière,Charles V,Ouv,Abs,Ouv,Ouv : 1752,Ouv,
Graz,,Autriche,1585,Lettres impériales : 1585 ; Bulle papale : 1586,,,,,,Catholique,Création ecclésiastique,Société de Jésus,Ouv,Abs,Abs,Abs,Ouv,
Greifswald,,Poméranie : 1456 ; Royaume de Suède : 1648,1456,Bulle papale : 1456 ; Lettres impériales : 1456,1527,1539,,,,Catholique ; Luthérien : 1539,Création communale,Bourgmestre de Greifswald,Ouv,Ouv,Ouv,Ouv,Ouv,
Grenoble,,Dauphiné : 1339 ; Royaume de France : 1349,1339,Bulle papale : 1339 ; reorg 1542,1565 : Transfert à Valence,,,,,Catholique,Création princière ,Humbert II,Ouv,Ouv,Ouv,Ouv,Ouv,
Groningen,Groningue,Provinces Unis des Pays-Bas,1614,,,,,,,Calviniste,Création étatique,Etat du Groningue,Ouv,Ouv,Ouv,Ouv,Ouv,
Halle,,Brandebourg,1693,Lettres royales : 1693,,,,,,Luthérien,Création princière,"FrederickIII, Electeur de Brandebourg",Ouv,Ouv,Ouv,Ouv,Ouv,
Harderwijk,,Provinces Unis des Pays-Bas,1648,,1672,1674,,,,Calviniste,Création étatique,Etat de Gueldre,Ouv,Ouv,Ouv,Ouv,Ouv,
Heidelberg,,Palatinat : 1385 ; Occupation par la Ligue : 1622 ; Royaume de Suède : 1631 ; Palatinat : 1652  ,1385,Bulle papale : 1385 ; Lettres royales : 1385,,,,,,Catholique ; Luthérien : 1558 ; Calviniste : 1559 ; Catholique : 1629 ; Luthérien : 1631 ; Calviniste : 1652 ; Catholique : 1700,Création princière,"Ruprecht, comte de Palatinat",Ouv,Ouv,Ouv,Ouv,Ouv,
Helmstedt,,Duché de Brunswick-Lunebourg,1574,Lettres impériales : 1575,,,,,,Luthérien,Création princière,Julius de Brunswick,Ouv,Ouv,Ouv,Ouv,Ouv,
Huesca ,,Royaume d'Aragon : 1401 ; Royaume des deux Espagnes : 1474 ; Royaume d'Espagne : 1716,1354,Lettres royales : 1354 ; Bulle papale : 1464 ; Lettres royales : 1503,1450,1464,1708,1711,,Catholique,Création princière,Pierre IV roi d'Aragon,Abs,Ouv,Ouv,Ouv,Ouv,Existence végétative jusqu'à la période moderne.
Ingolstadt,,Bavière,1459,Lettres royales : 1459 ; Bulle papale : 1459,,,,,,Catholique,Création princière ,Louis IX de Bavière,Ouv : 1472,Ouv : 1472,Ouv : 1472,Ouv : 1472,Ouv : 1472,
Innsburck,,Autriche,1668,Lettres impériales : 1668 ; Bulle papale : 1677,,,,,,Catholique,Création ecclésiastique,Société de Jésus,Ouv,Ouv,Ouv,Ouv,Ouv,
Irache,,Royaume des deux Espagnes : 1474 ; Royaume d'Espagne : 1716,1550,Bulle papale : 1596,,,,,,Catholique,Création ecclésiastique ,Monastère cistércien Santa Maria,Ouv,Ouv ; Fer : 1771,Ouv ; Fer : 1771,Ouv ; Fer : 1771,Ouv,
Jena,Iéna,Duché de Saxe : 1548 ; Duché de Weimar : 1572 ; Duché de Saxe-Iéna : 1672 ; Duché de Saxe-Eisenach : 1692 ; Duché de Saxe-Weimar : 1741,1558,Lettres impériales : 1557,,,,,,Luthérien,Création princière ,Johann-Frédérique de Saxe,Ouv,Ouv,Ouv,Ouv,Ouv,
Kassa,Kosice,Autriche,1657,Lettres impériales : 1660,,,,,,Catholique,Création ecclésiastique,"Benedicte Kisdy, évèque d'Eger",Ouv,Abs,Abs ; Ouv : 1712,Abs,Ouv,
Kassel,Cassel,Hesse,1633,Lettres royales : 1633,1653 : Transfert à Marbourg,,,,,Calviniste,Création princière ,William V conte de Hesse,Ouv,Ouv,Ouv,Ouv,Ouv,
Kiel ,,Duché de Holstein,1665,Lettres impériales : 1652 ; Lettres royales : 1652,,,,,,Luthérien,Création princière,Christian Albert duc de Holstein-Gottorf,Ouv : 1665,Ouv : 1665,Ouv : 1665,Ouv : 1665,Ouv : 1665,
Köln,Cologne,Archevéché de Cologne,1388,Bulle papale : 1388,1798,,,,,Catholique,Création ecclésiastique,Urbain VI,Ouv,Ouv,Ouv,Ouv,Ouv,
Königsberg,Kaliningrad,Duché de Prusse,1544,Lettres royales : 1541 ; Lettres royales : 1561,,,,,,Luthérien,Création princière ,Albert Frédéric de Prusse,Ouv,Ouv,Ouv,Ouv,Ouv,
Laguna,,Royaume des deux Espagnes : 1701 ; Royaume d'Espagne : 1716,1701,Bulle papale : 1701,1747,,,,,Catholique,Création ecclésiastique,Clément XI,Ouv,Abs,Abs,Abs,Ouv,
Leiden,Leyde,Provinces Unis des Pays-Bas,1575,,,,,,,Calviniste,Création princière ,Guillaume Ier d'Orange Nassau,Ouv ,Ouv,Ouv ,Ouv,Ouv,
Leipzig,,Duché de Saxe : 1409,1409,Bulle papale : 1409 ; Lettres royales : 1409,,,,,,Catholique ; Luthérien : 1539,Création princière,Fredérique de Saxe ; Maîtres et étudiants séparés de l'université de Prague,Ouv,Ouv : 1415,Ouv,Ouv,Ouv,
Leuven,Louvain,Duché de Brabant,1425,Bulle papale : 1425,1797,,,,,Catholique,Création princière ,Jean IV de Brabant,Ouv,Ouv,Ouv,Ouv,Ouv,
Linz,,Autriche,1674,Lettres impériales : 1674,,,,,,Catholique,Création ecclésiastique,Société de Jésus,Ouv : ; Fer : 1783 ; Ouv : 1793,Abs,Abs,Abs,Ouv,
Lisboa,Lisbonne,Royaume du Portugal,1288,Bulle papale : 1290,1308 : Transfert à Coimbra,1338,1354,1377,1537,Catholique,Création princière ,"Denis du Royaume du Portugal ; Alphonse V 1338, Ferdinand 1377",Ouv,Ouv,Ouv,Ouv,Ouv,
Lleida,Lerida,Royaume d'Aragon : 1401 ; Royaume des deux Espagnes : 1474 ; Royaume d'Espagne : 1716,1300,Bulle papale : 1300 ; Lettres royales : 1382 ; Bulle papale : 1430,1717 : Transfert à Cervera,,,,,Catholique,Création princière ,Jacques II d'Aragon,Ouv : 1430,Ouv,Ouv,Ouv,Ouv,
Lucca,Lucques,République de Lucques,1369,Lettres impériales : 1369 ; Bulle papale : 1387,1552,,,,,Catholique,Création princière,Charles IV,Abs,Ouv,Ouv,Ouv,Ouv,
Lund,,Royaume de Suède,1666,,,,,,,Luthérien,Création princière,"Charles XI, régent de Royaume de Suède",Ouv,Ouv,Ouv,Ouv,Ouv,
Lwow,Lviv,Royaume de Pologne : 1661 ; Autriche : 1772,1661,Lettres royales : 1661 ; Bulle papale : 1759,1773,1784,,,,Catholique,Création princière,John II Casimir : 1661 ; Empereur Joseph II : 1784,Ouv,Abs : ; Ouv : 1784,Ouv,Ouv,Ouv,
Macerata,,États pontificaux,1540,Bulle papale : 1540,,,,,,Catholique,Création ecclésiastique ,Paul III,Ouv,Ouv,Ouv,Ouv,Ouv,
Mainz,Mayence,Evéché de Mayence,1476,Bulle papale : 1476,1798,,,,,Catholique ,Création princière,"Electeur Dietcher II de Isenbourg, Archevèque de Mayence",Ouv : 1477,Ouv : 1477,Ouv : 1477,Ouv : 1477,Ouv : 1477,
Mantova,Mantoue,Duché de Mantoue : 1433 ; Autriche : 1708,1625,,1627,1637,1771,,,Catholique,Création princière,Ferdinand Gonzague,Ouv,Ouv,Ouv,Ouv,Ouv,
Marburg,Marbourg,Duché de Hesse : 1527 ; Duché de Hesse-Kassel : 1605 ; Duché de Hesse-Darmstadt : 1624 ; Duché de Hesse-Kassel : 1653,1527,Lettres impériales : 1541,1605 : Transfert à Geissen,1624,1650 : Transfert à Giessen et à Kassel,1653,,Luthérien ; Calviniste : 1605 ; Luthérien : 1625 ; Calviniste : 1653,Création princière,Landgrave Philippe Ier de Hesse,Ouv,Ouv,Ouv,Ouv,Ouv,
Messina,Messine,Royaume des deux Espagnes : 1439; Royaume d'Espagne : 1716,1548,Bulle papale : 1548,1678,1789,,,,Catholique,Création ecclésiastique ,Paul III,Ouv :  ; Ouv : 1778,Ouv : ; Abs : 1778,Ouv : ; Abs : 1778,Ouv : ; Abs : 1778,Ouv :  ; Ouv : 1778,
Milano,Milan,Duché de Milan ,1556,Bulle papale : 1561,,,,,,Catholique ,Création ecclésiastique,Société de Jésus,Ouv,Abs,Abs,Abs,Ouv,
Modena,Modène,Duché de Modène ,1772,Lettres royales : 1772,,,,,,Catholique,Création princière,"Royaume de Francesco III, duc d'Este",Ouv,Ouv,Ouv,Ouv,Ouv,
Molsheim,,Autriche : 1617 ; Royaume de France : 1681,1617,Bulle papale : 1617 ; Lettres impériales : 1617,1701 : Transfert à Strasbourg,,,,,Catholique,Création ecclésiastique,"Léopold Evèque de Strasbourg, Grand Duc d'Autriche",Ouv,Abs,Abs,Abs,Ouv,
Mondovi,,Duché de Savoie,1560,Bulle papale : 1561,1719,,,,,Catholique,Création princière,"Emmanuel Philibert, duc de Savoie",Ouv,Ouv,Ouv,Ouv,Ouv,
Montauban,,Royaume de France,1598,,1685,,,,,Calviniste,Création communale,Synode de Montpellier,Ouv,Abs,Abs,Abs,Ouv,
Montbéliard,,Principauté de Montbéliard,1671,,1677,,,,,Luthérien,Création communale,Synode de Montbéliard,Ouv,Ouv,Ouv,Ouv,Ouv,
Montpellier,,Provence : 1220 ;  Royaume de France : 1486,1220,Bulle papale : 1289,1793,,,,,Catholique,Création spontanée,,Ouv : 1421 ; Fer : 1545 ; Ouv : 1681 ; Fer : 1763,Ouv,Ouv,Ouv,Ouv ,
Moskva,Moscou,Russie,1755,Lettres impériales : 1755,,,,,,Orthodoxe,Création princière,Elizabeth de Russie,Abs,Ouv,Ouv,Ouv,Ouv,
Münster-Westfalen,,Royaume de Prusse,1622,Bulle papale : 1629 ; Lettres impériales : 1629,,1771,,,,Catholique,Création ecclésiastique,Société de Jésus,Ouv,Ouv,Ouv,Ouv,Ouv,
Nagyszombat,Trnava,Royaume de Hongrie,1635,Lettres impériales : 1635 ; Bulle papale : 1635,1777 : Transfert à Buda,,,,,Catholique,Création ecclésiastique,"Péter Pazmany, archevèque d'Esztergom",Ouv,Ouv,Ouv,Ouv,Ouv,
Nancy,,Royaume de France,1768,,1793,,,,,Catholique,Création princière,Louis XV ,Ouv,Ouv,Ouv,Ouv,Ouv,
Nantes,,Duché de Bretagne : 1460 ; Royaume de France : 1532,1460,Bulle papale : 1460 ; Lettres royales : 1461,1793,,,,,Catholique,Création princière ,François II duc de Bretagne,Ouv,Ouv,Ouv : ; Fer : 1735,Ouv,Ouv,
Napoli,Naples,Royaume de Naples : 1224 ; Royaume d'Aragon : 1443 ; Royaume des deux Siciles : 1759,1224,Lettres impériales : 1224,1458,1507,,,,Catholique,Création princière ; Séparation : Bologne,Empereur Frederic II,Ouv,Ouv,Ouv,Ouv,Ouv,
Nice,,Duché de Savoie,1559,,1720,,,,,Catholique,Création princière,"Emmanuel Philibert, duc de Savoie",Abs,Abs,Ouv,Ouv,Ouv,
Nijmegen,Nimègue,Provinces Unis des Pays-Bas,1656,,1679,,,,,Calviniste,Création étatique,États de Nimègue,Ouv,Ouv,Ouv,Ouv,Ouv,
Nîmes,,Royaume de France,1539,Lettres royales : 1539,1795,,,,,Catholique ; Calviniste : 1561 ; Catholique : 1666 ,Création princière,François Ier,Ouv,Abs,Abs,Abs,Ouv,
Olomouc,,Autriche,1573,Bulle papale : : 1573 ; Lettres royales : 1574,1778 : Transfert à Brünn,,,,,Catholique,Création ecclésiastique,Société de Jésus,Ouv,Ouv : 1753,Ouv : 1670,Ouv : 1670,Ouv,
Oñate,,Comté d'Oñate,1540,Bulle papale : 1540 ; Lettres royales : 1549,1807,,,,,Catholique,Création ecclésiastique ,Evèque Rodrigo Mercado de Zuazola,Ouv,Abs,Ouv,Ouv,Ouv,
Orange,,Principauté d'Orange : 1365 ;  Royaume de France : 1703,1365,Lettres impériales : 1365 ; Bulle papale : 1366,1562,1583,1793,,,Catholique : 1365 ; Catholique et luthérien : 1583 ; Catholique : 1703,Création princière ,Consuls d'Orange : 1365 ; Louis de Nassau Prince d'Orange : 1583,Ouv : 1583,Ouv,Ouv,Ouv,Ouv,Existence végétative jusqu'à la période moderne.
Orihuela,,Royaume des deux Espagnes : 1552; Royaume d'Espagne : 1716,1552,Bulle papale : 1552,1807,,,,,Catholique,Création ecclésiastique,Couvent dominicain,Ouv,Ouv : ; Fer : 1783,Ouv,Ouv,Ouv,
Orléans,,Royaume de France,1235,Bulle papale : 1306,1793,,,,,Catholique ; Calviniste : 1561 ; Catholique : 1568,Création spontanée,Séparation de Paris,Ouv ,Ouv : 1533,Ouv,Ouv,Ouv,
Orthez,,Navarre : 1566 ; Royaume de France : 1620,1566,,1569 : Transfert à Lescar,1579,1591,1609,1620,Calviniste,Création princière,"Jeanne d'Albret, reine de Navarre",Ouv,Ouv,Ouv,Ouv,Ouv,
Osnabrück,,Duché de Saxe : 1629 ; Royaume de Suède : 1633,1629,Bulle papale : 1629 ; Lettres impériales : 1630,1633,,,,,Catholique,Création ecclésiastique,Société de Jésus,Ouv,Ouv,Ouv,Ouv,Ouv,
Osuna,,Royaume des deux Espagnes : 1548 ; Royaume d'Espagne : 1716,1548,Bulle papale : 1549,1807,,,,,Catholique,Création princière,Comte d'Urena,Ouv : 1549,Ouv : 1549,Ouv : 1549,Ouv : 1549,Ouv : 1549,
Oviedo,,Royaume des deux Espagnes : 1574 ; Royaume d'Espagne : 1716,1574,Bulle papale : 1574 ; Lettres royales : 1604,,,,,,Catholique,Création princière,Philippe III d'Espagne,Ouv,Ouv : 1787,Ouv,Ouv,Ouv,
Oxford,,Royaume d'Angleterre,1208,Bulle papale : 1214 ; Lettres royales : 1244,,,,,,Catholique : 1208 ; Anglican : 1553,Création spontanée,,Ouv,Ouv : 1290,Ouv,Ouv,Ouv,
Paderborn,,Evéché de Paderborn,1614,Lettres royales : 1614,,,,,,Catholique,Création princière,Prince-archevèque Dietrich,Ouv,Abs,Abs,Abs,Ouv,
Padova,Padoue,Seigneurie de Padoue : 1222 ; Seigneurie de Vérone : 1311 ; République de Venise : 1405,1222,Bulle papale : 1264,,,,,,Catholique,Création spontanée,Séparation de Bologne,Ouv : 1363,Ouv,Ouv,Ouv,Ouv,
Palencia,,Royaume de Castille,c. 1210,Lettres royales : c. 1210 ,1214,1217,1250,,,Catholique,Création princière,Alphonse VIII de Castille : c. 1210 ; Alphonse IX de Castille : 1217,Ouv,Ouv,Ouv,Ouv,Ouv,
Palermo,Palerme,Royaume d'Aragon : 1460 ; Royaume des deux Siciles : 1759,1578,Bulle papale : 1560 ; Bulle papale : 1578 ,1767,1779,,,,Catholique,Création ecclésiastique,Société de Jésus,Ouv,Ouv,Ouv,Ouv,Ouv,
Palma de Mallorca,Majorque,Royaume des deux Espagnes : 1483 ; Royaume d'Espagne : 1716,1483,Lettres royales : 1483,1718,,,,,Catholique,Création princière,Fernand II le Catholique,Ouv,Ouv,Ouv,Ouv,Ouv,
Pamplona,,Royaume des deux Espagnes : 1619 ; Royaume d'Espagne : 1716,1619,Lettres royales : 1619 ; Bulle papale : 1621,1771,,,,,Catholique,Création princière,Philippe III d'Espagne,Ouv,Abs,Abs,Abs,Ouv,
Paris,,Royaume de France,1208,Bulle papale : 1208 ; Bulle papale : 1231 ; Bulle papale : 1292 ,1793,,,,,Catholique,Création spontanée,,Ouv,Ouv,Ouv,Ouv : 1679 ,Ouv,
Parma,Parmes,Duché de Milan Sforza : 1412 ; Duché de Milan Visconti : 1420 ; État pontificaux : 1513 ; Duché de Parme et de Plaisance : 1545 ; Duché de Parme et de Plaisance Habsbourg : 1738 ; Duché de Parme et de Plaisance Bourbon : 1741,1412,Bulle papale : 1512,1420,1512,,,,Catholique,Création princière,Duc de Parme,Ouv,Ouv,Ouv,Ouv,Ouv,
Pau,,Royaume de France,1722,Lettres royales : 1772 ; Bulle papale : 1775,1793,,,,,Catholique,Création étatique,États du Béarn,Ouv,Abs,Ouv,Ouv,Ouv,
Pavia,Pavie,Duché de Milan : 1359 ; Royaume d'Espagne : 1525 ; Autriche : 1713,1361,Lettres impériales : 1361 ; Bulle papale : 1389 ;,1398,1402,,,,Catholique,Création princière,Empereur Charles IV,Ouv : 1389,Ouv,Ouv,Ouv,Ouv,
Perpignan,,Royaume d'Aragon : 1344 ; Royaume de France : 1659,1350,Lettres royales : 1350 ; Bulle papale : 1379 ; Bulle papale 1447,1793,,,,,Catholique,Création princière,Pierre IV d'Aragon,Ouv : 1447,Ouv,Ouv,Ouv,Ouv,
Perugia,Pérouse,Commune de Pérouse : 1308 ; États pontificaux : 1403,1308,Bulle papale : 1308 ; Lettres impériales : 1355,,,,,,Catholique,Création spontanée,Séparation de Bologne,Ouv,Ouv,Ouv,Ouv,Ouv,
Pisa,Pise,Cité-État de Pise : 1338 ; République de Florence : 1406,1338,Bulle papale : 1343,1536,1543,,,,Catholique,Création étatique,Commune de Pise : 1338 ; Cosme Ier : 1543,Ouv,Ouv,Ouv,Ouv,Ouv,"1494 période de déclin, transféré à Pistoai, au PratOuv : puis à Florence, réouverture par Cosme de Médicis en 1543"
Poitiers,,Royaume de France,1431,Bulle papale : 1431 ; Lettres royales : 1432,1793,,,,,Catholique,Création princière,Charles VII,Ouv,Ouv,Ouv,Ouv,Ouv,
Pont-à-Mousson,,Duché de Lorraine,1572,Bulle papale : 1572,1768 : Transfert à Nancy,,,,,Catholique,Création ecclésiastique,Cardinal Charles de Lorraine,Ouv,Ouv,Ouv,Ouv,Ouv,
Pozsony,Bratislava,Hongrie,1465,Bulle papale : 1465,1500,,,,,Catholique,Création princière,Matthias Corvin,Ouv,Ouv,Ouv,Ouv,Ouv,
Praha,Prague,Royaume de Bohème : 1347 ; Autriche : 1526,1347,Bulle papale : 1347,,,,,,Catholique : 1347 ; Hussite : 1419 ; Protestante : 1520 ; Catholique 1622,Création princière,Charles IV de Bohême,Ouv,Ouv,Ouv,Ouv,Ouv,
Reims,,Duché de Lorraine,1548,Bulle papale : 1548,1793,,,,,Catholique,Création ecclésiastique,Cardinal Charles de Lorraine,Ouv,Ouv,Ouv,Ouv,Ouv,
Rennes,,Royaume de France,1735,,1793,,,,,Catholique,Création étatique,"Parlement de Rennes, transfert de la faculté de droit de Nancy",Abs,Abs,Ouv : 1735,Ouv : 1735,Abs,
Rinteln,,Comté de Schaumbourg : 1620 ; Eléctorat de Hesse-Cassel : 1647,1621,Lettres impériales : 1620,1810,,,,,Luthérien et Catholique : 1620 ; Calviniste : 1647,Création princière,Ferdinand II,Ouv,Ouv,Ouv,Ouv,Ouv,
Rome,,États pontificaux,1303,Bulle papale : 1303 ; Bulle papale : 1318,1400,1431,1527,1534,,Catholique,Création ecclésiastique,Boniface VIII,Ouv,Ouv,Ouv,Ouv,Ouv,
Rome,,États pontificaux,1556,Bulle papale : 1556,1773,,,,,Catholique,Création ecclésiastique,Société de Jésus,Ouv,Abs,Abs,Abs,Ouv,
Rostock,,Duché de Mecklembourg,1419,Lettres royales : 1419 ; Bulle papale : 1419,"1437 : Transfert à Greifswald, à Lübeck et à Wismar",1490,,,,Catholique : 1419 ; Luthérien 1531,Création princière ,Johann III et Albert V de Mecklenbourg,Ouv : 1431,Ouv,Ouv,Ouv,Ouv,
Sahagùn,,Royaume des deux Espagnes ,1534,Bulle papale : 1534,1550 : Transfert à Irache,,,,,Catholique,Création ecclésiastique,Monastère bénédictin de San Facundo,Ouv,Abs,Abs,Abs,Ouv,
Saint-Andrews,,Ecosse,1410,Bulle papale : 1413,,,,,,Catholique ; Prebysterien : 1560,Création ecclésiastique ,"Henry Wardlaw, évèque de St.Andrews",Ouv,Ouv,Ouv,Ouv,Ouv,
Saint-Peterburg,Saint Petersbourg,Russie,1724,,,,,,,Orthodoxe,Création princière,Pierre le Grand,Abs,Ouv,Ouv,Ouv,Ouv,
Salamanca,Salamanque,Royaume de Léon : 1213 ; Royaume de Castille et de Léon : 1243 ; Royaume des deux Espagnes : 1474 ; Royaume d'Espagne : 1716,1218,Lettres royales : 1218 ; Lettres royales 1243 ; Bulle papale : 1255,,,,,,Catholique,Création princière ,Alphonse IX de Léon,Ouv : 1411,Ouv,Ouv,Ouv,Ouv,
Salerno,Salerne,Royaume de Sicile : 1231 ; Royaume des deux Siciles : 1442 ; Duché de Savoie : 1712,1231,Lettres royales : 1280,1811,,,,,Catholique,Création spontanée,,Abs,Ouv,Abs,Abs,Ouv,
Salzburg,Salbourg,Archevéché de Salzburg,1620,Lettres impériales : 1620 ; Bulle papale : 1625,,,,,,Catholique,Création ecclésiastique,"Monastère bénédictin et Arckus Sittich, Pince-archevèque",Ouv,Abs,Ouv,Ouv,Ouv,
Santiago de Compostela,Saint Jacques de Compostelle,Royaume des deux Espagnes : 1526 ; Royaume d'Espagne : 1716,1526,Bulle papale : 1526,,,,,,Catholique,Création ecclésiastique ,Jules II,Ouv,Ouv : 1566,Ouv,Ouv,Ouv,
Sassari,,Royaume des deux Espagnes : 1617 ; Royaume de Sardaigne : 1765,1617,Lettres royales : 1617 ; reorg : 1765,,,,,,Catholique,Création ecclésiastique,Société de Jésus : 1617 ; Charles Emmanuel III de Savoie : 1765,Ouv,Ouv,Ouv,Ouv,Ouv,
Saumur,,Royaume de France,1604,,1685,,,,,Luthérien,Création ecclésiastique ,Académie Protestante,Ouv,Abs,Abs,Abs,Ouv,
Sedan,,Principauté de Sedan : 1599 ; Royaume de France : 1642,1599,,1681,,,,,Calviniste,Création ecclésiastique ,Académie Protestante,Ouv,Abs,Abs,Abs,Ouv,
Sévilla,Séville,Royaume de Castille : 1254 ; Royaume des deux Espagnes : 1457 ; Royaume d'Espagne : 1716,1254,Bulle papale : 1260 ; Lettres royales : 1502 ; Bulle papale : 1505,1270,1502,,,,Catholique,Création princière,Alphonse X de Castille et de Léon : 1254 ; Isabelle Ier et Ferdinand II : 1502,Ouv,Ouv,Ouv,Ouv,Ouv,
Siena,Sienne,Cité Libre de Sienne : 1240 ; Grand duché de Toscane : 1569,1246,Lettres impériales : 1357 ; Bulles papale : 1408,,,,,,Catholique,Création spontanée,Séparation de Bologne,Ouv : 1408,Ouv,Ouv,Ouv,Ouv,
Sigüenza,,Royaume des deux Espagnes : 1483 ; Royaume d'Espagne : 1716,1483,Bulle papale : 1489 ; Bulle papale : 1552,1807,,,,,Catholique,Création ecclésiastique,"Don Juan Lopez de Medina, archideacon de Almazan",Ouv,Ouv : 1552,Ouv : 1552,Ouv : 1552,Ouv,
Solsona,,Royaume des deux Espagnes : 1614 ; Royaume d'Espagne : 1716,1614,,1717 : Transfert à Cervera,,,,,Catholique,Création ecclésiastique,Couvent dominicain,Ouv,Abs,Abs,Abs,Ouv,
Strasburg,Strasbourg,Ville libre de l'Empire : 1566 ; Royaume de France : 1681,1566,Lettres impériales : 1566 ; Lettres impériales : 1621 ; Lettres royales : 1681,1793,,,,,Luthérien,Création communale,Ville de Strabourg,Ouv : 1566,Ouv : 1621,Ouv : 1621,Ouv : 1621,Ouv : 1566,
Stuttgart,,Duché de Württemberg,1770,Lettres impériales : 1781,1794,,,,,Luthérien,Création princière,"Karl Eugen, duc de Württemberg",Abs,Ouv,Ouv,Ouv,Ouv,
Toledo,Tolède,Royaume des deux Espagnes : 1521 ; Royaume d'Espagne : 1716,1521,Bulle papale : 1521,1807,,,,,Catholique,Création ecclésiastique ,Léon X,Ouv,Ouv,Ouv,Ouv,Ouv,
Tortosa,,Royaume des deux Espagnes : 1521 ; Royaume d'Espagne : 1716,1551,,1717 : Transfert à Cervera,,,,,Catholique ,Création ecclésiastique,Couvent dominicain,Ouv,Abs,Abs,Abs,Ouv,
Toulouse,,Comté de Toulouse : 1229 ; Royaume de France : 1271,1229,Traité de Paris : 1229 ; Bulle papale : 1233,1793,,,,,Catholique,Création ecclésiastique ,Grégoire IX,Ouv : 1366,Ouv,Ouv,Ouv,Ouv,
Tournon,,Royaume de France,1548,Bulle papale : 1552 ; Lettres royales : 1542,1626,,,,,Catholique,Création ecclésiastique ,Cardinal François de Tournon,Abs,Abs,Abs,Abs,Ouv,
Treviso,Trévise,Cité Libre de Trévise : 1318 ; Venise : 1339,1318,Lettres impériales : 1318,1407,,,,,Catholique,Création communale,Trévise,Ouv,Ouv,Ouv,Ouv,Ouv,
Trier,Trèves,Archevéché de Trèves,1454,Bulle papale : 1454,1798,,,,,Catholique,Création princière ,Prince Archevèque de Trèves,Ouv,Ouv,Ouv,Ouv,Ouv,
Tübingen,,Duché de Württemberg,1476,Bulle papale : 1476 ; Lettres imériales : 1484,,,,,,Catholique : 1476  ; Luthérien : 1534,Création princière,"Eberhard im Bart, Comte de Württemberg",Ouv,Ouv,Ouv,Ouv,Ouv,
Torino,Turin,Duché de Savoie : 1405 ; Royaume de France : 1536 ; Duché de Savoie : 1559 ; Royaume de Sardaigne : 1718,1405,Bulle papale : 1404 ; Lettres impériales : 1412,1558,1566,1792,,,Catholique,Création princière,Duc de Savoie,Ouv,Ouv,Ouv,Ouv,Ouv,
Uppsala,,Royaume de Suède,1477,Bulle papale : 1477,1515,1595,,,,Catholique : 1477 ; Luthérien : 1595,Création ecclésiastique ,"Jacob Ulfsson, Archevèque d'Uppsala",Ouv : ; Ouv : 1593,Ouv : ; Abs : 1593 ; Ouv : 1626,Ouv : ; Abs : 1593 ; Ouv : 1626,Ouv : ; Abs : 1593 ; Ouv : 1626,Ouv : ; Ouv : 1593,
Urbino,,Duché d'Urbino : 1506 ; États Pontificaux : 1631,1506,Bulle papale : 1564 ; Bulle papale : 1671,,,,,,Catholique,Création princière,"Guidobaldo di Montefeltro, Duc d'Urbino",Ouv : 1671,Ouv : 1671,Ouv,Ouv,Ouv : 1671,
Utrecht,,Provinces Unis des Pays-Bas,1636,,1810,,,,,Calviniste,Création communale,Ville d'Utrecht,Ouv : 1634,Ouv : 1634,Ouv : 1634,Ouv : 1634,Ouv : 1634,
Valence,,Royaume de France,1452,Bulle papale : 1459,1793,,,,,Catholique,Création princière,"Dauphin Louis, futur Louis XI",Ouv,Ouv,Ouv,Ouv,Ouv,
Valencia,Valence,Royaume des deux Espagnes : 1500 ; Royaume d'Espagne : 1716,1500,Bulle papale : 1500 ; Lettres royales : 1502,1705,1709,,,,Catholique,Création princière,Ferdinand II,Ouv,Ouv,Ouv,Ouv,Ouv,
Valladolid,,Royaume de Castille : 1250 ; Royaume de Castille et d'Aragon : 1457 ; Royaume d'Espagne : 1716,1250,Bulle papale : 1346,,,,,,Catholique,Création princière,"Roi de Castile, Alphonse X",Ouv : 1418,Ouv,Ouv,Ouv,Ouv,
Venezia,Venise,République de Venise,1470,Bulle papale : 1470 ,,,,,,Catholique,Création communale,Ville de Venise,Abs,Ouv,Abs,Abs,Ouv,
Vercelli,Verceil,Cité Libre de Verceil : 1228 ; Duché de Milan : 1263 ; Comté de Monferrato : 1277 ,1228,,1350,,,,,Catholique,Création spontanée,Séparation de Padoue,Ouv,Ouv,Ouv,Ouv,Ouv,
Verona,Vérone,Principauté de Vérone ,1270,Bulle papale : 1339,1400,,,,,Catholique,Création princière,"Martino della Scala, podestat de Vérone",Abs,Ouv,Ouv,Ouv,Ouv,
Vienna,Vienne,Autriche,1365,Lettres royales : 1365 ,,,,,,Catholique,Création princière,Rudolf IV de Habsbourg : 1365 ; Albrecht III de Habsbourg : 1384,Ouv : 1400 ,Ouv,Ouv,Ouv,Ouv,
Vilnius,,Royaume de Royaume de Pologne,1578,Bulle papale : 1579,,,,,,Catholique,Création princière,"Stéphane Bathory, roi de Royaume de Pologne et de Lithuanie",Ouv,Ouv,Ouv,Ouv,Ouv,
Wittemberg,,Duché de Saxe,1502,Lettres impériales : 1502 ; Bulle papale : 1503,,,,,,Catholique : 1502 ; Luthérien : 1517,Création princière,"Frédérique III, prince électeur de Saxe",Ouv,Ouv,Ouv,Ouv,Ouv,
Würzburg,Würzbourg,Évéché de Wurzbourg,1402,Bulle papale : 1402 ; Lettres royales : 1575 ; Bulle papale : 1575,1413,1575,,,,Catholique,Création ecclésiastique ,Évèque Johann Ier de Egloffstein,Ouv,Abs : ; Ouv : 1575,Abs : ; Ouv : 1575,Abs : ; Ouv : 1575,Ouv,
Zamosc,,Royaume de Pologne,1594,Bulle papale : 1594,1784,,,,,Catholique,Création princière,"Jan Zamoyski, chancellier du royaume",Ouv : 1640,Ouv,Ouv,Ouv,Ouv,
Zaragoza,,Royaume des deux Espagnes : 1474 ; Royaume d'Espagne : 1716,1474,Bulle papale : 1474 ; Lettres royales : 1477 ; Bulle papale : 1555,,,,,,Catholique,Création princière,Jean II d'Aragon : 1474 ; Charles V : 1542,Abs : ; Ouv : 1583,Abs : ; Ouv : 1583,Abs : ; Ouv : 1583,Abs : ; Ouv : 1583,Ouv,
